id,nome,cpf,idade,telefone,email,endereco,data_nascimento,condicoes_medicas,observacao
1,"Ana Clara Pereira","123.456.789-00",29,"(11) 98877-1122","ana.pereira@email.com","Rua das Flores, 123, São Paulo, SP","1996-03-14","Hipertensão; Diabetes Tipo 2","Consulta de rotina"
2,"Bruno Henrique Costa","987.654.321-11",34,"(21) 97766-4455","bruno.costa@email.com","Av. Atlântica, 456, Rio de Janeiro, RJ","1991-08-09","Asma; Rinite alérgica","Acompanhamento respiratório"
3,"Carla Mendes Silva","111.222.333-44",41,"(31) 96655-7788","carla.silva@email.com","Rua do Ouro, 789, Belo Horizonte, MG","1984-12-02","Hipertensão; Obesidade","Monitoramento ambulatorial"
4,"Diego Almeida Rocha","555.666.777-88",27,"(41) 95544-3322","diego.rocha@email.com","Alameda das Palmas, 10, Curitiba, PR","1998-06-17","Depressão; Ansiedade","Retorno pós-terapia"
5,"Elaine Souza Barros","444.333.222-99",38,"(51) 94433-2211","elaine.barros@email.com","Rua dos Eucaliptos, 55, Porto Alegre, RS","1987-01-29","Diabetes Tipo 1; Hipotireoidismo","Controle endocrino"
6,"Felipe Nunes Teixeira","222.111.000-77",46,"(61) 93322-1100","felipe.teixeira@email.com","Quadra 3, Lote 8, Brasília, DF","1979-05-21","Doença cardíaca; Hipertensão","Exame cardiológico"
7,"Giovana Lopes Quintana","666.777.888-99",33,"(85) 92211-3344","giovana.quintana@email.com","Rua da Liberdade, 200, Fortaleza, CE","1992-04-03","Asma; Sinusite crônica","Tratamento clínico"
8,"Henrique Diniz Prado","777.888.999-00",52,"(48) 91100-2233","henrique.prado@email.com","Avenida Beira Mar, 300, Florianópolis, SC","1973-09-10","Artrite; Osteoporose","Reabilitação"
9,"Isabela Freitas Mota","888.999.000-11",24,"(62) 90011-2233","isabela.mota@email.com","Rua das Acácias, 77, Goiânia, GO","2001-11-18","Ansiedade; Insônia","Avaliação psiquiátrica"
10,"João Pedro Ramos","999.000.111-22",31,"(19) 98888-4444","joao.ramos@email.com","Rua XV, 88, Campinas, SP","1994-07-07","Hipertensão; Obesidade","Acompanhamento nutricional"
11,"Karina Oliveira Farias","101.202.303-40",39,"(12) 97777-6666","karina.farias@email.com","Travessa do Sol, 15, São José dos Campos, SP","1986-10-25","Diabetes Tipo 2; Hipertensão","Check-up semestral"
12,"Leandro Martins Salles","202.303.404-50",45,"(14) 96666-5555","leandro.salles@email.com","Rua das Orquídeas, 33, Bauru, SP","1980-02-14","Doença renal; Hipertensão","Hemodiálise"
13,"Marina Cunha Tavares","303.404.505-60",28,"(27) 95555-4444","marina.tavares@email.com","Rua da Praia, 62, Vitória, ES","1997-08-30","Ansiedade; Depressão","Consulta psicológica"
14,"Nicolas Barbosa Lima","404.505.606-70",36,"(16) 94444-3333","nicolas.lima@email.com","Avenida Central, 90, São Carlos, SP","1989-03-19","Asma; Bronquite","Monitoramento pulmonar"
15,"Olívia Santos Neves","505.606.707-80",26,"(71) 93333-2222","olivia.neves@email.com","Rua do Comércio, 120, Salvador, BA","1999-12-05","Hipotireoidismo; Fibromialgia","Avaliação reumatológica"
16,"Paulo Roberto Nogueira","606.707.808-90",49,"(92) 92222-1111","paulo.nogueira@email.com","Travessa da Amazônia, 44, Manaus, AM","1976-06-22","Diabetes Tipo 2; Hipertensão","Retorno clínico"
17,"Quésia Fernandes Costa","707.808.909-01",42,"(83) 91111-0000","quesia.costa@email.com","Rua do Pontal, 14, João Pessoa, PB","1983-09-11","Obesidade; Distúrbio do sono","Acompanhamento clínico"
18,"Rafael Souza Matos","808.909.010-02",37,"(65) 90000-9999","rafael.matos@email.com","Avenida dos Ipês, 701, Cuiabá, MT","1988-04-28","Artrite; Asma","Reavaliação"
19,"Sabrina Azevedo Reis","909.010.121-03",23,"(67) 98899-7766","sabrina.reis@email.com","Rua das Mangueiras, 21, Campo Grande, MS","2002-01-16","Ansiedade; Transtorno bipolar","Atendimento especializado"
20,"Thiago Pereira Nunes","010.121.232-04",44,"(31) 97788-6655","thiago.nunes@email.com","Rua do Cedro, 90, Contagem, MG","1981-07-24","Hipertensão; Doença cardíaca","Pré-operatório"
21,"Ursula Campos Beltrão","121.232.343-05",32,"(11) 96677-5544","ursula.beltrao@email.com","Rua da Serra, 65, Santo André, SP","1993-02-08","Diabetes Tipo 1; Obesidade","Encaminhamento nutricional"
22,"Vinícius Rocha Mendonça","232.343.454-06",40,"(21) 95566-4433","vinicius.mendonca@email.com","Avenida Brasil, 111, Niterói, RJ","1985-05-31","Asma; Rinite alérgica","Consulta de rotina"
23,"Wagner Teodoro Lins","343.454.565-07",48,"(81) 94455-3322","wagner.lins@email.com","Rua da Aurora, 54, Recife, PE","1977-10-12","Hipertensão; Insuficiência cardíaca","Acompanhamento cardiológico"
24,"Ximena Duarte Falcão","454.565.676-08",30,"(27) 93344-2211","ximena.falcao@email.com","Rua do Mar, 18, Serra, ES","1995-11-27","Depressão; Ansiedade","Psicoterapia"
25,"Yasmin Brito Marques","565.676.787-09",35,"(92) 92233-1100","yasmin.marques@email.com","Avenida das Nações, 230, Porto Velho, RO","1990-06-03","Diabetes Tipo 2; Obesidade","Consulta endócrina"
26,"Zoe Almeida Ribeiro","676.787.898-10",47,"(61) 91122-3344","zoe.ribeiro@email.com","Rua do Congresso, 12, Brasília, DF","1978-08-14","Doença renal; Diabetes Tipo 2","Retorno nefrológico"
27,"Aline Ferreira Teles","787.898.909-11",29,"(85) 90099-8877","aline.teles@email.com","Rua do Sol, 145, Juazeiro do Norte, CE","1996-01-09","Hipertensão; Osteoporose","Avaliação geriátrica"
28,"Bruno Tavares Barcellos","898.909.010-12",43,"(51) 89988-7766","bruno.barcellos@email.com","Rua das Violetas, 72, Santa Maria, RS","1982-12-28","Bronquite; Asma","Acompanhamento respiratório"
29,"Cecília Souza Dantas","909.010.121-13",25,"(62) 88877-6655","cecilia.dantas@email.com","Rua da Lua, 33, Anápolis, GO","2000-10-01","Ansiedade; Insônia","Consulta de revisão"
30,"Davi Martins Cruz","010.121.232-14",51,"(19) 87766-5544","davi.cruz@email.com","Rua dos Pinheiros, 99, São Paulo, SP","1974-03-22","Doença cardíaca; Hipertensão","Avaliação cardiológica"
31,"Estela Pereira Cardoso","121.232.343-15",22,"(84) 86655-4433","estela.cardoso@email.com","Avenida da Paz, 11, Natal, RN","2003-07-15","Depressão; Ansiedade","Tratamento inicial"
32,"Fabiano Lemos Viana","232.343.454-16",54,"(11) 85544-3322","fabiano.viana@email.com","Rua das Palmeiras, 84, Guarulhos, SP","1971-09-06","Diabetes Tipo 2; Obesidade","Acompanhamento metabólico"
33,"Gisele Araujo Pires","343.454.565-17",33,"(83) 84433-2211","gisele.pires@email.com","Rua da Feira, 60, Campina Grande, PB","1992-05-20","Hipotireoidismo; Fibromialgia","Reavaliação clínica"
34,"Hugo Miranda Souza","454.565.676-18",41,"(95) 83322-1100","hugo.souza@email.com","Rua do Caju, 17, Boa Vista, RR","1984-01-12","Artrite; Osteoporose","Consulta reumatológica"
35,"Ingrid Rocha Pacheco","565.676.787-19",27,"(88) 82211-0099","ingrid.pacheco@email.com","Rua das Dunas, 50, Juazeiro do Norte, CE","1998-02-17","Asma; Rinite alérgica","Retorno clínico"
36,"Júlio César Almeida","676.787.898-20",50,"(71) 81100-7788","julio.almeida@email.com","Avenida do Forte, 123, Salvador, BA","1975-11-30","Doença renal; Hipertensão","Controle renal"
37,"Lívia Campos Batista","787.898.909-21",38,"(27) 80099-6677","livia.batista@email.com","Rua dos Coqueiros, 22, Vila Velha, ES","1987-06-18","Ansiedade; Depressão","Consulta psicológica"
38,"Mateus Silva Nogueira","898.909.010-22",45,"(84) 79988-5566","mateus.nogueira@email.com","Rua das Praias, 90, Mossoró, RN","1980-04-10","Diabetes Tipo 2; Hipertensão","Check-up anual"
39,"Nádia Lopes Monteiro","909.010.121-23",31,"(61) 78877-4455","nadia.monteiro@email.com","Setor Norte, 204, Brasília, DF","1994-08-25","Obesidade; Distúrbio do sono","Avaliação nutricional"
40,"Otávio Mendes Torres","010.121.232-24",46,"(55) 77766-3344","otavio.torres@email.com","Rua do Bosque, 77, Porto Alegre, RS","1979-03-03","Hipertensão; Doença cardíaca","Follow-up clínico"
