AGE ;gender_ID;b m i;CHILDREN_count;is_SMOKER;REGION_NAME;TOTAL_CHARGES
;M;27.9;0;Y;SOUTHWEST   ;$ 16884.924
18.0;f;33.77;1; NO;SOUTHEAST;$ 1725.5523
28.0;male;33.0;3;N;SOUTHEAST;$ 4449.462
33.0;male;UNKNOWN;0; NO;NORTHWEST;$ 21984.47061
32.0;male;28.88;0; NO;NORTHWEST   ;
31.0;M;25.74;0; NO;SOUTHEAST;$ 3756.6216
46.0;f;33.44;1; NO;SOUTHEAST;$ 8240.5896
37.0; FEMALE ;27.74;3;Y;NORTHWEST;$ 7281.5056
37.0;male;29.83;2; NO;NORTHEAST   ;$ 6406.4107
60.0; FEMALE ;25.84;0;N;NORTHWEST;$ 28923.13692
;M;26.22;0; NO;NORTHEAST;$ 2721.3208
62.0;f;26.29;0;yes ;SOUTHEAST;$ 27808.7251
23.0;male;34.4;0; NO;SOUTHWEST   ;$ 1826.843
56.0; FEMALE ;39.82;0; NO;SOUTHEAST;$ 11090.7178
27.0;male;42.13;0;Y;SOUTHEAST;$ 39611.7577
19.0;M;24.6;1; NO;SOUTHWEST;$ 1837.237
52.0;f;30.78;1;N;NORTHEAST   ;$ 10797.3362
23.0;male;23.845;0; NO;NORTHEAST;$ 2395.17155
56.0;male;UNKNOWN;0; NO;SOUTHWEST;$ 10602.385
30.0;male;35.3;0;yes ;SOUTHWEST;$ 36837.467
;M;36.005;0; NO;NORTHEAST   ;$ 13228.84695
30.0;f;32.4;1;Y;SOUTHWEST;$ 4149.736
18.0;male;34.1;0; NO;SOUTHEAST;$ 1137.011
34.0; FEMALE ;31.92;1;N;NORTHEAST;$ 37701.8768
37.0;male;28.025;2; NO;NORTHWEST   ;
59.0;M;27.72;3; NO;SOUTHEAST;$ 14001.1338
63.0;f;23.085;0; NO;NORTHEAST;$ 14451.83515
55.0; FEMALE ;32.775;2; NO;NORTHWEST;$ 12268.63225
23.0;male;17.385;1;Y;NORTHWEST   ;$ 2775.19215
31.0;male;36.3;2;yes ;SOUTHWEST;$ 38711.0
;M;35.6;0;N;SOUTHWEST;$ 35585.576
18.0;f;26.315;0; NO;NORTHEAST;$ 2198.18985
19.0; FEMALE ;28.6;5; NO;SOUTHWEST   ;$ 4687.797
63.0;male;UNKNOWN;0; NO;NORTHWEST;$ 13770.0979
28.0;male;36.4;1;yes ;SOUTHWEST;$ 51194.55914
19.0;M;20.425;0;Y;NORTHWEST;$ 1625.43375
62.0;f;32.965;3; NO;NORTHWEST   ;$ 15612.19335
26.0;male;20.8;0;N;SOUTHWEST;$ 2302.3
35.0;male;36.67;1;yes ;NORTHEAST;$ 39774.2763
60.0;male;39.9;0;yes ;SOUTHWEST;$ 48173.361